{
  "javaProjectName":"Aggala",
  "javaPackage":"com.kasunm.aggala",
  "javaProjectBasePath":"F:/Develpment/Aggalat",
  "projectDescription":"A food out let specialized for Aggala",
  "angularProjectName":"AggalaNew",
  "angularProjectBasePath":"F:/Develpment/Aggala",
  "dbName":"users",
  "dbUserName":"appartmentadmin",
  "dbPassword":"Super",
  "generateNewAngularProject":false,
  "generateNewJavaProject":false,
  "classes":[
    {
      "className":"User",
      "classDescription":"A typical user of the system",
      "classURL":"users",
      "idAttributeName":"id",
      "attributes":[
        {
          "attributeName":"name",
          "type":"STRING",
          "collectionType":"None",
          "min":3,
          "max":20,
          "required":true,
          "showOnGrid":true,
          "includeInDTO":true
        },
        {
          "attributeName":"email",
          "type":"STRING",
          "collectionType":"None",
          "required":false,
          "showOnGrid":true,
          "includeInDTO":true
        },
        {
          "attributeName":"password",
          "type":"STRING",
          "collectionType":"None",
          "min":0,
          "max":20,
          "required":false,
          "showOnGrid":false,
          "includeInDTO":true
        },
        {
          "attributeName":"age",
          "type":"INT",
          "collectionType":"None",
          "min":0,
          "max":900,
          "required":false,
          "showOnGrid":true,
          "includeInDTO":true
        },
        {
          "attributeName":"favouriteColors",
          "type":"STRING",
          "collectionType":"List",
          "required":false,
          "showOnGrid":false,
          "includeInDTO":true
        },
        {
          "attributeName":"gender",
          "classTypeName":"Gender",
          "type":"ENUM",
          "collectionType":"None",
          "required":false,
          "showOnGrid":true,
          "includeInDTO":true
        },
        {
          "attributeName":"createdDate",
          "type":"DATETIME",
          "collectionType":"None",
          "required":false,
          "showOnGrid":true,
          "includeInDTO":true
        }
      ],
      "classNameDisplay":"User",
      "classFileAngular":"user",
      "classVariableName":"user",
      "searchOptions":[
        {
          "methodName": "findAllByNameAndAge",
          "attributeNames": "name,age",
          "searchUrl": "NameAge",
          "searchQuery": " "
        }
      ]
    },
    {
      "className":"Product",
      "classDescription":"A product for sale",
      "classURL":"products",
      "idAttributeName":"id",
      "attributes":[
        {
          "attributeName":"name",
          "type":"STRING",
          "collectionType":"None",
          "min":3,
          "max":20,
          "required":true,
          "showOnGrid":true,
          "includeInDTO":true
        },
        {
          "attributeName":"description",
          "type":"STRING",
          "collectionType":"None",
          "min":10,
          "max":500,
          "required":true,
          "showOnGrid":false,
          "includeInDTO":true
        },
        {
          "attributeName":"quantity",
          "type":"INT",
          "collectionType":"None",
          "min":0,
          "max":999999,
          "required":true,
          "showOnGrid":true,
          "includeInDTO":true
        },
        {
          "attributeName":"category",
          "classTypeName":"ProductCategory",
          "type":"CLASS",
          "relationShip":"ManyToOne",
          "collectionType":"None",
          "required":true,
          "showOnGrid":true,
          "relationShipDTOAttributes":"id,name",
          "includeInDTO":true
        },

        {
          "attributeName":"unit",
          "classTypeName":"MeasureUnit",
          "type":"ENUM",
          "collectionType":"None",
          "required":true,
          "showOnGrid":true,
          "includeInDTO":true
        },
        {
          "attributeName":"price",
          "type":"DOUBLE",
          "collectionType":"None",
          "min":0,
          "max":999999,
          "required":true,
          "showOnGrid":true,
          "includeInDTO":true
        }
      ],
      "classNameDisplay":"Product",
      "classFileAngular":"product",
      "classVariableName":"product"
    },
    {
      "className":"ProductCategory",
      "classDescription":"Category of product",
      "classURL":"categories",
      "idAttributeName":"id",
      "attributes":[
        {
          "attributeName":"name",
          "type":"STRING",
          "collectionType":"None",
          "min":3,
          "max":40,
          "required":true,
          "showOnGrid":true,
          "includeInDTO":true
        },
        {
          "attributeName":"description",
          "type":"STRING",
          "min":0,
          "max":500,
          "collectionType":"None",
          "required":false,
          "showOnGrid":false,
          "includeInDTO":true
        },
        {
          "attributeName":"products",
          "classTypeName":"ProductCategory",
          "type":"CLASS",
          "relationShip":"OneToMany",
          "collectionType":"List",
          "required":false,
          "showOnGrid":false,
          "includeInDTO":false
        }
      ],
      "classNameDisplay":"Product category",
      "classFileAngular":"product-category",
      "classVariableName":"productCategory"
    },
    {
      "className":"BankAccount",
      "classDescription":"bank account",
      "classURL":"bank-accounts",
      "idAttributeName":"id",
      "attributes":[
        {
          "attributeName":"bankName",
          "type":"STRING",
          "collectionType":"None",
          "min":3,
          "max":40,
          "required":true,
          "showOnGrid":true,
          "includeInDTO":true
        },
        {
          "attributeName":"accountNumber",
          "type":"STRING",
          "min":3,
          "max":30,
          "collectionType":"None",
          "required":true,
          "showOnGrid":false,
          "includeInDTO":true
        },
        {
          "attributeName":"balance",
          "type":"DOUBLE",
          "collectionType":"None",
          "min":0,
          "max":999999,
          "required":true,
          "showOnGrid":true,
          "includeInDTO":true
        }
      ],
      "classNameDisplay":"BankAccount",
      "classFileAngular":"bank-account",
      "classVariableName":"bankAccount"
    }
  ],
  "enums":[
    {
      "enumName":"Gender",
      "enumValues":"MALE,FEMALE,SHEMALE,OTHER"
    },
    {
      "enumName":"MeasureUnit",
      "enumValues":"L,ml,kg,g,m,cm,packets,tins,items"
    }
  ]
}